group,x,y
1,-15.74380272535613,35.566151754553815
1,6.346651145010604,23.527501210282125
1,24.5400111359613,-1.0317087667498281
1,-22.020352235199375,19.75964792905402
1,22.46083326745039,-5.850901536322332
1,16.99409017185384,21.231150457493975
1,18.818785143204966,-5.282607780564954
1,52.84813701960377,-20.014829086174267
1,-24.2222947140736,48.07070892089175
1,57.82316782896629,-22.726978623531174
1,-8.577792672459648,20.785405356906967
1,-21.33021283757929,33.69397789206732
1,-7.639830171088239,9.474299124806013
1,24.33752819832509,-0.1928990621969593
1,21.017508319634658,-13.450683663694246
1,5.847337820612143,-0.9236917087493737
1,-15.449571919968033,14.479725566992421
1,-5.392012777799518,10.503077379152877
1,56.40234960125931,-18.47451975507935
1,22.593783063437996,-8.765562851920363
1,-3.0899628213790677,15.624933533782293
1,-15.095924204758788,20.53212964984249
1,9.276970071154176,13.069323146959796
1,-38.99366972099525,56.37455542791421
1,0.012981398017300805,11.478322739085469
1,-8.455397803812644,28.172518824715794
1,54.300320714964066,-34.30118672429146
1,49.39821512282971,-12.881326944791912
1,13.621410355143528,10.330282670680411
1,-21.513815837277626,43.4205867913761
1,45.72061605642811,-15.278485028998194
1,44.1084247540433,-18.80590785787656
1,40.01460074709783,-40.784408099206345
1,40.304570807724126,-26.434650626318426
1,4.3797226407921706,16.272282872751383
1,39.28201194502194,-22.98198201204708
1,58.91181362815858,-36.48635125188707
1,17.262316466760947,-4.774134908022587
1,-16.31636440987719,46.47828977983347
1,42.19412061879361,-28.4079650254006
1,41.95472677631182,-25.000899308986533
1,5.754716678343087,9.567312587066146
1,72.0631999034502,-41.061384468416385
1,-10.221592382126271,24.443716249218287
1,27.498444633940917,-8.600537639174004
1,-58.758235426086756,43.06155275784366
1,10.647225792067887,9.896272400348863
1,53.31854471814331,-22.449107508407742
1,0.9669827834049229,7.414388192663664
1,-13.672488412782783,33.03625812130427
1,39.98568375713119,-27.137930268489754
1,-10.71154976155275,27.202125299300196
1,24.813808826522674,-13.819087196927818
1,-41.3297024476086,26.371631616235696
1,-30.57702948169284,52.337452536991606
1,1.032809516309925,21.49583146540839
1,-18.17121208714599,30.254845943726924
1,60.9507154775564,-16.846809659876772
1,46.276072320175714,-42.60669960363057
1,-9.909691315535472,23.461905332572343
1,34.926099713859735,-42.7848444966485
1,46.30047485534648,-5.713240817473466
1,24.45748000852891,-16.112700610517994
1,27.614896345939833,-23.769177003339685
1,54.753132784154694,-40.328894138366195
1,0.1320696154562917,-0.07822120623960416
1,2.1786191695251738,-11.531067496284683
1,47.518722506271594,-35.894308823380534
1,-26.53721816127959,33.409559315032865
1,22.144515291476424,7.234469254604033
1,14.966258435741485,6.919030950340947
1,31.414211224936818,-26.03758148241001
1,49.79852324875043,-33.55115154169012
1,24.822828923735045,17.304661126913725
1,23.650261394386586,0.002183252661085433
2,664.5952037084866,3389.1473281806066
2,1842.513612429584,8941.538942587911
2,1198.1216864690741,10901.692760843405
2,1308.167695383762,14921.019940318685
2,1378.53281163538,4446.001353765128
2,1119.8041871266498,7400.764670951297
2,1072.4596512686187,14781.128377599356
2,756.5553402031936,-27.693680054790093
2,658.7436734468771,12286.811619811187
2,1791.2166005690544,7935.16619973794
2,852.3715790416794,2613.1555081279057
2,1325.8587944067876,9247.532299365055
2,1341.3992678868092,7108.921574242478
2,1534.4008811395088,15555.737817848176
2,1602.6198574706464,10650.117905087332
2,1262.7388199733607,13165.664244774713
2,1417.3562236261878,8831.854426236901
2,714.9038512561251,7786.143841499979
2,1252.4990346617967,17458.267353493975
2,1416.9234465009574,17160.435981878552
2,1122.372606184451,10914.574604098487
2,926.3910237492839,8696.680522929548
2,1123.466026988536,16035.33672063689
2,886.8235423788763,3729.170395356153
2,901.8191694434175,10374.598066967508
2,1401.1692476125706,8983.741877422577
2,1698.6610863277735,23116.332631238496
2,539.2528972692494,3950.1583385899753
2,571.7532154629655,4930.445636784013
2,740.4339759611893,10480.141556200562
2,1148.928266183386,11818.075175652986
2,785.3458538794487,2037.4082030321597
2,1170.1036945655298,8376.973599867719
2,1122.9624404200824,10873.804193055892
2,922.8509559539168,1072.716361256762
2,887.6200620994647,4747.110699756702
2,655.3245023493434,4964.984163073132
2,1256.638024814358,6170.167523245227
2,1700.8368444596078,9590.974489897257
2,926.9991052121792,9658.780923690196
2,644.8046309220324,4599.829640437325
2,850.6320614241366,6251.031411165316
2,1246.9754730358738,15291.079387906302
2,1283.3873524313235,11606.642808897646
2,1854.9895781551988,19505.13132380971
2,640.7385736238577,10039.630702965515
2,1069.3277436487397,11560.138513233791
2,992.8797475497051,7090.579236335629
2,673.5447123433396,7980.401261402294
3,23.82884687849898,303.59024904209343
3,40.28988635796803,69.48731930404067
3,15.719495317143004,-3.0790190497533274
3,30.944849776702505,109.09778623145728
3,21.13475432102607,308.18700341580205
3,13.737480248489936,-121.7381418804531
3,35.05214986314001,135.9742134945683
3,24.423382917177793,336.3508539013189
3,5.241147332503701,99.85146882029385
3,15.597536690451747,230.55763938397996
3,19.791881930995604,-10.678123297701433
3,2.7259971073582143,25.18641161967537
3,34.16480064343662,35.566253507254004
3,26.08378785807907,129.23436578677246
3,16.123657231909316,-80.6824237186014
3,16.2178888058391,8.692433788464626
3,22.653376597084826,145.09940632917412
3,12.221593619458252,157.37592418989655
3,15.75004632484197,156.99854078187795
3,20.496293921220214,159.1223218505164
3,20.828239903969173,70.69672155551577
3,29.358394630802604,161.58322787568147
3,23.15351360895883,88.70631146411475
3,18.927181108892846,15.524897342339386
3,16.960995473476082,149.82113066419615
3,30.229332652350276,29.800469025316772
3,14.405341524279311,118.26659270654831
3,24.51400420508132,37.32717304878642
3,22.42353564656576,142.52920729331012
3,21.72352925418484,-78.54918220094194
3,27.368023994574273,235.66877634758893
3,12.899584861265453,175.90927942065105
3,19.97685588824444,210.53638653375933
3,18.438611006187028,328.9528861290107
3,2.1225687900429335,99.25737124990141
3,23.826583879752278,147.67895306027074
3,32.9815361232126,74.55239969511896
3,10.431407315649512,181.2367094230376
3,33.276073297322704,79.34323719663922
3,21.636363471062992,255.16853842537603
3,31.087806821668714,200.59824808193838
3,13.137505641600082,125.58328894828794
3,25.48689660694899,155.01075820539722
3,15.346699683642917,84.88178073752266
3,14.52357672304894,144.75627542132548
3,23.027783376765743,117.6965226270057
3,30.503659276920978,-7.752093641455161
3,22.5121721668429,160.05672614102053
3,15.98251860863573,46.91632946025973
3,30.01691682816599,119.13654245245198
3,17.574756975754514,112.66583349963337
3,26.489854915558364,133.085127737472
3,9.92496965167293,106.2572761835863
3,26.10389831356421,93.63608633574214
3,13.572371677375665,33.52675663175823
3,16.964928665580423,249.60377876121794
3,9.068045716424766,222.04646513070327
3,48.15439251970909,150.00214310408887
3,10.294812023817066,142.39965312025308
3,21.55485853838216,246.74061018001044
3,20.754925097408464,175.58834553897182
3,12.972068651136706,28.080384688297386
3,22.083486870046983,155.94135073557277
3,25.261656503023328,297.69036929477454
3,26.126372236120655,110.56959005496438
3,2.117114991142632,174.66784313096002
3,12.777391064764082,125.36379927013681
3,18.66892932134908,35.88155477570339
3,19.476004666463396,32.89181262303974
3,15.954895832192406,223.35234426638698
3,24.16229371732129,223.03211400049815
3,20.285611864598767,184.85829031035206
3,12.714483487941347,8.587990865740096
3,27.314744992118968,23.180525929166123
3,17.306327033077654,-56.18643750134669
3,20.758102853970833,187.0485855918625
3,37.01776573110666,62.56565882407514
3,21.57267582792646,318.07686386198384
3,12.259162083569898,113.13144469481244
3,17.720822041253356,-78.00585973836823
3,21.315567976208914,77.10058214865799
3,11.105033515805301,85.50806493199893
3,4.5650814459484526,191.7349905974324
3,16.237913146444725,73.66876730628431
3,24.275102671709828,155.95727930171125
3,12.631600458332333,-7.477095220895137
3,25.474994821001232,177.07983563080074
3,32.17663016088857,253.65313099237693
3,21.55690643949429,170.05383809802154
3,33.577797740067396,31.4351384499289
3,22.224545489739768,146.99467112937714
3,15.43191629721208,238.8583270281938
3,18.736964480073457,249.6598327138716
3,39.906714827916254,162.61224446751586
3,28.570952752297224,94.2842612990345
3,22.737752612348345,267.80343150291105
3,21.770619413166717,110.82328806969025
3,20.54690193648019,20.184196930642216
3,22.459372819283956,163.80500691193166
3,32.06907090814916,200.1489256944294
3,35.32204190082848,-8.314045740457203
3,51.4061159840785,-21.91704975332061
3,23.21846523694694,105.79555856957508
3,29.052811475005,185.7609154647658
3,-9.489600839558989,49.81147755651493
3,51.14244119916111,-28.32695725534728
3,22.182035131845623,85.34051470400877
3,31.050245909485966,71.80580213505152
3,29.160354303661734,65.77328790506604
3,35.531428191810846,112.07557580165272
3,31.426093608606607,174.86727089347164
3,29.77993925474584,53.288730629664556
3,26.181066029705107,80.25710855082735
3,35.92597132129595,258.3875069986561
3,23.734816500451416,93.90442805683962
3,33.10423665493727,151.8228693898375
3,-8.566990753635764,-18.816906129712294
3,-9.675235377624631,291.05222607660875
3,47.89807892171666,-19.785427686766297
3,20.686074344906956,19.567608919052333
3,29.580144848208874,-70.78395440982462
3,-8.485926818102598,71.74434473142661
3,31.425914666149765,187.00117502697168
3,-5.306121727451682,217.00133147480634
3,38.287389220669866,152.20777106988623
3,24.07169588515535,91.76184053787745
3,30.856928567402065,231.52952837291002
3,4.664987241383642,230.18683785108394
3,-8.509488368872553,-31.28574442150139
3,50.478457702789456,59.78919727919951
3,-1.4197934833355248,106.32154202124241
3,-4.447792561724782,240.93658108139434
3,43.104937590193,32.75399738254616
3,44.844307163730264,160.35909142791877
3,50.946341717615724,58.0830609466954
3,47.67070250445977,273.14070599851004
3,9.00209159962833,77.52472434227079
3,41.55570767214522,106.0049772926467
3,30.795458311215043,176.72380812888335
3,-0.30272375978529453,226.41228914997097
3,50.71821918711066,185.241117463649
3,36.5175461336039,295.6225727121888
3,16.233021294232458,126.04397359425252
3,1.292348686605692,90.37154860722703
3,46.71086280234158,-109.54771968340006
3,25.70736176567152,71.26699901517402
3,8.795403188094497,142.31839410317747
3,41.19167577615008,122.68622721515649
3,4.651026424020529,-51.57078043920282
3,-4.3088333937339485,132.55434979928145
3,16.638860592152923,105.0072916251155
3,10.339313682168722,150.50357703757317
3,11.327868235297501,192.60599013308223
3,22.50782288471237,116.46006468955349
3,39.39525686157867,303.85737223434603
3,-4.111266370397061,172.69518876774225
3,3.391404868569225,200.85364865802075
3,-0.5901901973411441,-5.726340117608686
3,0.7875939221121371,91.6359480122844
3,-9.165778826456517,91.61020625321606
3,31.041259392164648,240.13745330748912
3,12.879235531203449,26.3002186748558
3,50.88720841007307,38.889466676850674
3,18.569026852957904,244.73231345056166
3,10.259459744673222,-8.401990530134299
3,23.58107620337978,190.78437771182507
3,-1.5248962217010558,33.441999467745944
3,-8.326341774780303,150.16231111769457
3,8.501554960384965,120.96537431847311
3,11.317855224013329,83.85203597969337
3,9.46249808324501,148.7110354744681
3,10.215069947298616,34.416815402396125
3,24.15142133226618,180.24155362429113
3,17.142977610696107,290.7190247848913
3,19.154718621633947,109.5091910701851
3,40.95611516665667,222.75523510034571
3,12.303687674924731,14.09247818810536
3,17.878761363681406,-55.74115839684322
3,-8.74409858835861,57.42859258545123
3,-6.757669576909393,217.69541597737347
3,4.028874249197543,218.3002697185231
3,14.645688700955361,-44.525143600553264
3,-6.472494731657207,150.03025606491707
3,30.62096972577274,117.04145833910692
3,13.931614539586008,-12.204662196419577
3,24.31528748292476,186.34239145492214
3,5.157942774705589,98.64732159859466
3,-2.6846914016641676,123.0954006756222
3,16.766857167240232,-88.44327623302405
3,31.977919838856906,238.03412611883246
3,15.540120301302522,191.14357288054288
3,4.30764046870172,166.36555874195676
3,40.90294900396839,94.2624095101602
3,6.094806964043528,98.34168315649555
3,-1.723905106075108,163.42749717821656
3,42.82465126924217,71.23829032190534
3,5.769188871607184,194.28097040516133
3,-9.891932599712163,234.2992000668558
3,1.8494659750722349,283.1980522917679
3,46.35735858650878,55.97650984284272
3,17.724660135805607,135.2408732377791
3,48.403695398941636,146.80101430648097
3,28.440196488518268,41.73685049243531
3,9.618012719787657,197.36268809215017
3,51.055230151396245,162.8288748718519
3,34.14963373169303,46.922849203451676
3,40.26171679375693,51.32665715253414
3,7.099385427311063,187.13579378590794
3,32.982207109220326,193.03956952028386
3,46.04191392706707,277.2297363878796
3,23.72981937788427,142.43989989243818
3,10.011116673238575,78.98664457129146
3,13.858537419699132,165.47377406827385
3,29.210685695055872,245.57913412310512
3,38.36232720641419,119.29452951677402
3,43.33653162745759,68.70365401878163
3,50.96859021531418,185.8113462323728
3,28.328518755268306,248.47562243595104
3,33.904868975281715,83.81105555452098
3,23.55087556410581,179.7350140172757
3,48.109792994800955,22.893049553158534
3,43.61557733267546,69.62223933926506
3,49.03554368251935,218.3369666688316
3,14.78945370670408,131.71598779151958
3,9.61215537134558,130.68198704063863
3,3.5535783846862614,181.97134523943544
3,12.083316863514483,-2.563759011978391
3,-9.309032685589045,-9.782938273284174
3,8.777889606542885,151.134600453555
3,49.33729856554419,254.57992470563894
3,30.566184203140438,109.5007070259721
3,19.39386588986963,101.96137386103958
3,13.338629523292184,-46.600307842868034
3,42.97121397592127,-32.79697396299264
3,5.299730232451111,111.46452154545207
3,33.104380735661834,-47.637594358414134
3,48.81855363631621,109.37029583656648
3,31.584442453458905,317.25491035577585
3,5.302783716004342,122.24059778433273
3,11.363101753871888,220.82244891183015
3,13.38088789023459,38.81527350653003
3,-4.1725726393051445,-58.52935421667078
3,6.1866927752271295,321.28709307573365
3,13.44078132789582,271.9086331019517
3,35.71787212835625,247.7271421158448
3,47.22803163481876,31.6093213159035
3,21.614546441938728,190.4199979416714
3,51.50903923623264,53.93040086664671
3,26.581861563958228,189.97072596517603
3,11.733377205673605,152.7788685774256
3,14.974511503241956,-19.376494652301545
3,-6.819449113681912,61.78838928901868
3,21.599103964865208,-174.67644425337744
3,0.29767633974552155,228.84572614789275
3,-3.3881566831842065,159.98636265175853
3,-3.202352600172162,227.1367610549254
3,-2.937353589106351,82.96546632166852
3,39.673999190330505,256.89942678867214
3,27.671789097599685,309.70748570494015
3,39.918438902590424,128.09535632907915
3,49.40421439753845,211.21879294842904
3,47.13549559097737,130.10526263744856
3,-1.1061570579186082,273.08529535038815
3,42.22140603372827,61.08502875049027
3,18.192842474672943,58.60948465581245
3,13.021713207941502,1.4781448879582229
3,6.111834776587784,180.7156113305294
3,8.47394192777574,159.79574275393236
3,41.24656319897622,110.91643251296276
3,28.46564727090299,-17.68071979761052
3,50.2947406754829,156.8132235494182
3,11.387761268764734,93.40219871180048
3,-0.25379629293456674,250.8047995372683
3,9.948524446692318,167.87732370259891
3,33.88601878192276,74.47370885958452
3,35.03608496906236,29.635388480313253
3,21.837027579080313,210.44380934260104
3,-7.117330013774335,57.95467842796472
3,13.316103214398026,180.2953701868417
3,0.3120514559559524,120.30426637060776
3,28.039172974415123,93.96304093070204
3,13.327079044654965,159.0498148843568
3,12.64709206437692,167.1352151976747
3,12.19255652744323,76.47286327463615
3,23.87828426482156,195.90675780344114
3,11.124043740332127,166.90618443326872
3,33.7982498886995,269.1225174077939
3,18.11135674826801,-10.88973928778313
3,44.16799253132194,15.257868241310334
3,36.71175369853154,129.6810518805909
3,-3.8325503431260586,157.1919418161833
3,17.5840287450701,233.3375748942916
3,40.91219549020752,93.79409423775931
3,14.132822138257325,80.52220837937227
3,2.3225758862681687,292.8631006074537
3,39.589561144355685,85.38087890458384
3,-5.169879869092256,64.25879799807153
3,-7.533350381068885,37.288020305854246
3,-9.761830881237984,33.885946550421835
3,-1.3288258854299784,74.78210797099078
3,39.486603405792266,277.3398214931264
3,25.134512568358332,129.52318679368858
3,51.459578088950366,127.24301639040785
3,4.297304910607636,191.45980489818257
3,21.345521384384483,165.8745562986611
3,18.99349187221378,132.64464257155922
3,-6.826224718708545,361.40711334124495
3,33.060933821834624,160.68752110831238
3,32.62842542864382,57.809856356938795
3,3.441388003528118,346.45345281854384
3,-0.44834804348647594,62.572326970722344
3,24.161622582469136,191.5576350396179
3,43.46044826833531,-97.72909753109184
3,51.529387718997896,-7.1856673276271295
3,-2.1102753030136228,247.01763722817975
3,38.85337624326348,169.41617089570246
3,20.611051521729678,256.21811158112683
3,26.483020945452154,301.5522029275956
3,28.25116469990462,107.41028347935058
3,3.718797618057579,20.81947543867018
3,51.95748469559476,221.47179271980332
3,23.113620937336236,161.4408752463492
3,23.2044777572155,133.92144779506964
3,33.95392192993313,127.04767603161889
3,34.391429596580565,-74.31629001599583
3,42.5068364883773,139.88036180970954
3,33.492269835900515,84.48631777271301
3,50.66819111444056,181.28527761420827
3,10.437739366665483,215.07617980625605
3,33.17921865452081,152.62722015413712
3,5.533441582228988,132.9635699806089
3,1.088564567733556,204.80728334309418
3,51.032316494733095,-16.981146111302138
3,0.9430619031190872,53.25344232520352
3,34.86907059466466,186.68152703880887
3,28.04381813062355,200.30444424384137
3,11.728866804856807,257.1976338604715
3,24.536717874463648,176.15856853238478
3,37.37858816282824,120.42772304586688
3,31.52768195234239,23.702814518184482
3,49.28427057946101,-37.71221908577101
3,22.094428320415318,252.14438432239052
3,43.24937595427036,191.61666988585523
3,42.16111873788759,69.4770252405313
3,38.455765396822244,40.65628253772498
3,24.022422485984862,237.9537549115303
3,22.29055189481005,45.92862327415227
3,7.521532899234444,274.1213983941534
3,-1.3665461642667651,174.98194525591458
3,19.020728196017444,265.8786935288722
3,20.780949632637203,360.2279098969091
3,19.919927943032235,327.41912635842834
3,50.68897218583152,207.37595306155163
3,44.090340945869684,53.183400166076524
3,-1.767416994087398,50.81373838584972
3,-5.810246252454817,16.342987906021136
3,44.094784452579916,298.2842717597296
3,-7.709389267023653,191.95687146201274
3,6.6973943882621825,302.4564364700731
3,29.282978447619826,200.43626221627324
3,-9.123669188469648,32.38850697554369
3,51.80601195571944,-41.97945217167833
3,-3.052763043437153,36.29363570787007
3,44.30023431265727,110.19014038612787
3,19.879262677859515,263.7494745115477
3,-8.570708226878196,82.23693130604627
3,48.59427028475329,237.9827295492767
3,31.488403130322695,115.74603387612363
3,41.03700231062248,90.57746762912042
3,27.604585465043783,-108.0852250173817
3,39.38475464563817,301.99095178549715
3,-6.996681194752455,62.809346340931114
3,42.527945837471634,210.76044780846303
3,23.799512600060552,288.6864591292782
3,9.651048029307276,205.45782066846533
3,37.698229582980275,184.80641676014042
4,8,524.68
4,1,69.96
4,30,1953.7999999999997
4,5,329.79999999999995
4,19,1239.2399999999998
4,4,264.84
4,22,1434.12
4,15,979.3999999999999
4,13,849.4799999999999
4,32,2083.72
4,23,1499.08
4,29,1888.84
5,0,0
5,3.75,1.9179358856823903
5,7.5,3.8030553566084677
5,11.25,5.623103495976828
5,15,7.346938775510203
5,18.75,8.945065895638342
5,22.5,10.39014045825131
5,26.249999999999996,11.657436836932433
5,30,12.725271239281545
5,33.75,13.575372722614823
5,37.5,14.193195814859775
5,41.25,14.568169391615172
5,45,14.693877551020407
5,48.75,14.568169391615172
5,52.49999999999999,14.193195814859779
5,56.24999999999999,13.575372722614826
5,60,12.725271239281549
5,63.74999999999999,11.657436836932439
5,67.5,10.390140458251311
5,71.25,8.945065895638347
5,75,7.346938775510208
5,78.75,5.62310349597683
5,82.5,3.8030553566084713
5,86.25,1.9179358856823965
5,90,1.7994810109920293e-15
6,0.2655086631421,-2.413530878825023
6,0.37212389963679016,-3.2762063149916374
6,0.5728533633518964,-4.994337739610239
6,0.9082077899947762,-7.0134388718020775
6,0.2016819310374558,-2.505376575584215
6,0.8983896849676967,-6.751434180385854
6,0.9446752686053514,-8.79494057077277
6,0.6607977924868464,-5.510650225173081
6,0.6291140438988805,-4.655516705209343
6,0.061786270467564464,-0.3609538029256743
6,0.20597457489930093,-0.8436070894494997
6,0.17655675252899528,-1.469560794615771
6,0.6870228466577828,-4.992574801028536
6,0.384103718213737,-1.987060383564209
6,0.7698414199985564,-6.849685199685282
6,0.49769924208521843,-5.266193290553936
6,0.7176185082644224,-5.694221893927027
6,0.9919060948304832,-8.170955315083367
6,0.3800351794343442,-3.5831696904850077
6,0.7774452213197947,-6.6528720880151395
6,0.9347052311059088,-8.127113495643503
6,0.21214252128265798,-0.9703894228758129
6,0.651673766085878,-4.061478374599824
6,0.12555509596131742,-0.012280402244741473
6,0.26722066872753203,-2.5672784593121376
7,3.5687933433800936,-23.031207226613542
7,3.4573578825220466,-24.70198617293003
7,1.559958173893392,-4.921816482305192
7,3.1092827953398228,-19.085137679938292
7,3.8424719888716936,-28.910938676960928
7,1.7386379390954971,-6.218347269170332
7,2.8500587148591876,-18.469569630299546
7,1.599977475591004,-6.383470229767706
7,1.3014086075127125,-3.028599831445003
7,3.028348592109978,-18.35283586913464
7,0.8107690205797553,-2.25534197208232
7,2.8444848898798227,-16.29801389966621
7,0.486767684109509,-1.2888542654565869
7,0.9819540558382869,-1.686204054694837
7,0.573217517696321,-2.082255039920364
7,0.9585176603868604,-1.4715710874977814
7,0.23573750909417868,0.13726830248474045
7,2.5691530341282487,-13.135806443869152
7,3.5050768507644534,-24.55197106786944
7,3.1156587097793818,-19.157320014492708
7,3.1892353035509586,-20.99145372054045
7,1.8210978144779801,-6.75196326221099
7,1.6403363281860948,-4.717270839239968
7,3.243480971083045,-19.939368517361537
7,2.4197331611067057,-11.56644566116083
7,2.6188957123085856,-13.83498310206254
7,1.412789087742567,-4.904014379837288
7,1.08104058355093,-3.774883727398249
7,2,-8.797089525071964
7,2.1,-7.565916893550029
8,0.7799848897848278,-0.4599929297509525
8,0.8806190348695964,0.22270410977891592
8,0.4131242095027119,-1.0477609357001498
8,0.06380848051048815,0.5894804779985839
8,0.33548749168403447,-1.213651933451517
8,0.7237259466201067,1.7701924927889654
8,0.33761533349752426,-0.4331735293031998
8,0.6304141224827617,1.8043800323128452
8,0.8406145540066063,-0.24439697668107654
8,0.8561316647101194,-0.8010605025635358
8,0.3913592810276896,0.10365472379334337
8,0.3804938856046647,0.1035741129677384
8,0.8954454259946942,-1.5010936371969938
8,0.6443157629109919,1.1826140156108154
8,0.7410786487162113,-0.9713833748289376
8,0.6053034465294331,0.45667789927470165
8,0.9030816114973277,0.6754120894126237
8,0.2937301550991833,0.19679873973157327
8,0.1912601098883897,-0.08054000380115031
8,0.8864509433042258,0.3749744510066402
8,0.5033394857309759,-0.9680248141085908
8,0.8770575430244207,-0.6278017087598564
8,0.18919362244196236,-1.0759264118311396
8,0.758103052387014,1.7317122941812393
8,0.7244988926686347,1.6427185395721404
8,0.9437248182948679,0.4513904223217359
8,0.547646587016061,-1.1233718821680523
8,0.7117438677232713,0.13862523975247373
8,0.3889050998259336,1.5894533027760793
8,0.10087312618270516,-0.4555236591929929
8,0.9273020885884762,0.9833768552487745
8,0.28323250031098723,-0.9173560610503295
8,0.5905731588136405,0.8074873295282015
8,0.11036060494370759,-0.9337669822880564
8,0.840507032116875,-1.0636056519907215
8,0.3179636844433844,-0.8932991444369421
8,0.7828513369895518,-0.7132126062885829
8,0.2675082073546946,-0.8571790410223498
8,0.21864528488367796,0.7850053622369435
8,0.5167968363966793,0.17187090055648024
9,1.0620346525684,3.948756461528271
9,1.4884955985471606,0.9101527811927246
9,2.2914134534075856,1.0541532291994222
9,3.632831159979105,-4.447496991513088
9,0.8067277241498232,-1.7453680962232432
9,3.5935587398707867,4.964554792895141
9,3.778701074421406,9.816358617182345
9,2.643191169947386,1.600614299242931
9,2.516456175595522,3.9515229982732634
9,0.24714508187025785,-0.07130913741831929
9,0.8238982995972037,-6.22617914446527
9,0.7062270101159811,-1.509991208405614
9,2.748091386631131,0.22702334075315855
9,1.536414872854948,0.9325649147280302
9,3.0793656799942255,7.963619403914796
9,1.9907969683408737,5.40851631696042
9,2.8704740330576897,1.4737612451782174
9,3.967624379321933,1.9072911027750086
9,1.5201407177373767,4.700929451213589
9,3.1097808852791786,5.27114070159163
9,3.738820924423635,-0.452721733208691
9,0.8485700851306319,-2.8586197167060923
9,2.606695064343512,3.908265862158961
9,0.5022203838452697,4.244440929653295
9,1.0688826749101281,0.29337507917696226
9,1.5444563701748848,5.6411037284109815
9,0.05356133263558149,2.0333784679438054
9,1.5295518282800913,-1.8364905036297832
9,3.47876338288188,4.488609163427627
9,1.361395986750722,-4.557698691003385
9,1.928320461884141,8.707774878012497
9,2.3982633017003536,11.820610133889582
9,1.9741652281954885,-0.2567751997761545
9,0.7448704056441784,-4.624776807067311
9,3.3094932744279504,5.496192756754425
9,2.6738669527694583,1.4638205428114452
9,3.1769594429060817,14.549656356848748
9,0.43177450355142355,0.14921958917529266
9,2.894843784160912,5.764571839582613
9,1.6450977185741067,1.4560889687626157
9,3.283785176463425,-1.0893379032412867
9,2.5882407752797008,3.014554117795475
9,3.131731049157679,-6.519408305129044
9,2.212145246565342,9.097490505066704
9,2.1188783207908273,2.4613693476921505
9,3.1574249267578125,13.388998293217014
9,0.09332480933517218,2.4522074919664507
9,1.9089202601462603,-2.022595946492064
9,2,4.653631767445274
9,2.1,-2.990488158221257
10,0.4199505615979433,-0.9253905440669518
10,3.458179796114564,2.2789411813591607
10,2.4585798867046833,1.327886231822899
10,2.228638155385852,1.826289873647244
10,1.3151092762127519,0.11383812296118268
10,1.812525781802833,1.6127902610184637
10,2.0017638904973865,0.9271889291615271
10,0.7234654445201159,2.3990782430699182
10,2.118522411212325,2.433026629267582
10,0.3011029828339815,1.1783618426472693
10,1.11102373059839,1.284529903039847
10,0.8507980769500136,2.413279824495012
10,1.1391619239002466,0.256520991552751
10,3.5803764117881656,2.3888070571591498
10,1.7849412932991982,2.9032037403372715
10,3.1199395591393113,1.8257344034017713
10,3.5224761394783854,2.604378745672684
10,1.6524968380108476,0.9174053030834346
10,0.2552339220419526,-0.12540551697139996
10,1.3419499667361379,0.7860732713230545
10,2.894903786480427,2.824937010390203
10,1.350461333990097,0.897718670454383
10,2.521656489931047,1.4961890059671528
10,3.3624582160264254,4.073296562746664
10,3.4245266588404775,2.518604536269107
10,1.5654371241107583,1.067406473343918
10,1.5219755424186587,1.114383970484958
10,3.581781703978777,3.5994716594459693
10,2.5772630516439676,1.9860391050650579
10,2.9643145948648453,2.332688479280817
10,2.4212137861177325,1.2348607357758596
10,3.6123264459893107,2.55586277637774
10,1.1749206203967333,1.0019017499649372
10,0.7650404395535588,0.00547103079539335
10,3.545803773216903,3.3840840969850725
10,2.0133579429239035,0.04674045009873207
10,3.508230172097683,3.1223387342916054
10,0.7567744897678494,-0.977123726429434
10,3.032412209548056,2.1159243569967363
10,2.8979955706745386,1.7742681549612747
10,3.7748992731794715,2.3482617944421484
10,2.190586348064244,1.6938653972685809
10,2.846975470893085,0.3057901682640558
10,1.5556203993037343,2.4563771308221067
10,0.40349250473082066,-1.3921276055137068
10,3.7092083543539047,2.489930369966567
10,1.132930001243949,-0.24305370719897146
10,2.362292635254562,1.1164905369743983
10,2,3.7497815419971974
10,2.1,1.6979174882840493
11,0.39667641278356314,1.0218522282788332
11,0.475610232912004,0.9126439981457425
11,0.20175863802433014,0.23651685486538804
11,3.7170156789943576,7.416668343833077
11,2.6948489313945174,5.783517665604116
11,0.3794314218685031,1.7964853480631486
11,1.9703844832256436,4.454465185833171
11,1.8462073625996709,4.296368924392693
11,1.5008661234751344,2.3860705361712466
11,3.964396878145635,8.420741541317959
11,0.7054028548300266,1.5207681114903788
11,3.2537408340722322,5.773856653598343
11,0.273786548525095,0.8080844683742594
11,1.6017989870160818,3.1242206716741556
11,0.5645773028954864,1.8614482617758714
11,0.7732394495978951,1.163437899393458
11,3.3654068671166897,6.515707857269106
11,2.8796559534966946,5.2962571583046705
11,1.0688483323901892,2.0491446840621084
11,1.980006579309702,4.161019048362573
11,0.3324555912986398,0.29903709603747636
11,1.4155369624495506,3.246260508889938
11,3.876835221424699,7.1496290496971655
11,2.498856758698821,4.4737213109937715
11,2.658472998999059,6.037524851420259
11,1.2499586259946227,1.991993519336921
11,1.6227584509178996,3.4515042579945567
11,3.9843094861134887,7.778080946672517
11,3.420329425483942,7.045359770793351
11,3.814193584024906,8.472823811151835
11,3.2492203693836927,7.291734955488371
11,3.1287284633144736,6.092003026287564
11,1.07151251565665,1.0004072636670667
11,3.0486061181873083,7.346043031291699
11,3.9452463565394282,8.224025796461603
11,1.1744221961125731,2.6195080602069964
11,1.5974044278264046,3.188109094079855
11,3.2485260954126716,6.7521064023018065
11,0.30860667675733566,0.5350254376298377
11,1.454787239432335,3.1199218004919262
11,1.7703698687255383,3.3406163654622545
11,0.626856530085206,0.5686091213966818
11,2.328821080736816,5.151561295201072
11,3.8806487154215574,8.521169943592888
11,3.9579993337392807,7.761628382865754
11,0.7058081459254026,0.7849714140469597
11,2.1685216976329684,4.658164048104849
11,1.537215568125248,3.0520765678035064
11,2,3.133390796587581
11,2.1,4.201065929840135
12,0.2642490495927632,0.2642490495927632
12,0.42309860954992473,0.42309860954992473
12,0.36656361632049084,0.36656361632049084
12,0.9425053223967552,0.9425053223967552
12,0.12372356513515115,0.12372356513515115
12,0.07003267924301326,0.07003267924301326
12,0.9643170379567891,0.9643170379567891
12,0.4425101082306355,0.4425101082306355
12,0.3702723802998662,0.3702723802998662
12,0.17024358012713492,0.17024358012713492
12,0.054190429393202066,0.054190429393202066
12,0.6578280692920089,0.6578280692920089
12,0.5781619166955352,0.5781619166955352
12,0.9871017639525235,0.9871017639525235
12,0.603792401496321,0.603792401496321
12,0.06494991877116263,0.06494991877116263
12,0.16210908186621964,0.16210908186621964
12,0.4753979204688221,0.4753979204688221
12,0.0019328347407281399,0.0019328347407281399
12,0.4414591430686414,0.4414591430686414
12,0.26092973724007607,0.26092973724007607
12,0.9384137454908341,0.9384137454908341
12,0.7158332837279886,0.7158332837279886
12,0.16308547835797071,0.16308547835797071
12,0.4761880184523761,0.4761880184523761
12,0.6902567229699343,0.6902567229699343
12,0.46089517953805625,0.46089517953805625
12,0.9551467383280396,0.9551467383280396
12,0.7125401224475354,0.7125401224475354
12,0.3971479332540184,0.3971479332540184
12,0.11772061209194362,0.11772061209194362
12,0.24011627305299044,0.24011627305299044
12,0.8636305665131658,0.8636305665131658
12,0.4359764016699046,0.4359764016699046
12,0.4978680519852787,0.4978680519852787
12,0.691927672130987,0.691927672130987
12,0.760313281789422,0.760313281789422
12,0.15540122264064848,0.15540122264064848
12,0.8494570930488408,0.8494570930488408
12,0.9468178190290928,0.9468178190290928
12,0.5884191903751343,0.5884191903751343
12,0.5022508152760565,0.5022508152760565
12,0.1897799177095294,0.1897799177095294
12,0.0018368582241237164,0.0018368582241237164
12,0.8775780622381717,0.8775780622381717
12,0.13411133782938123,0.13411133782938123
12,0.02274122415110469,0.02274122415110469
12,0.9391367060597986,0.9391367060597986
12,0.29294872283935547,0.29294872283935547
12,0.16432657442055643,0.16432657442055643
13,1.5964102232828736,1.1736907294664238
13,1.8383016483858228,-5.1784362843122285
13,1.7361233942210674,12.377772708363866
13,2.0680393055081367,-0.2539612744286739
13,3.3849830105900764,3.9585448319796743
13,0.22065714560449123,-11.555948472002774
13,2.216708244755864,2.596651663599261
13,2.753100950270891,-7.957776277393254
13,2.6322302147746086,3.2829032806584024
13,2.6533709010109305,0.6639653267543151
13,1.888936810195446,-2.982111301446583
13,3.8781126644462347,4.682236818663246
13,1.6087882509455085,-4.310552471707352
13,3.3982084151357412,-4.602175728770551
13,3.0265796296298504,-6.518650719942018
13,2.130404877476394,-4.406095472505164
13,3.4965986432507634,2.9776254452400304
13,1.8684604624286294,1.234280516511495
13,0.03251382149755955,5.009539177636436
13,2.911068018525839,-3.406127329531313
13,2.8663579151034355,0.44867250132152314
13,0.749705484136939,0.8459718803640017
13,2.5842691073194146,-8.423421265572397
13,2.1679171193391085,7.8081878777077005
13,1.3412830391898751,0.0015967850734421862
13,2.551634892821312,2.552177549378665
13,3.316804255358875,3.1172812568654704
13,2.8359007937833667,-1.670778904103034
13,1.3942014034837484,-2.226177800576729
13,0.5133114997297525,4.21171276226269
13,1.552313955500722,-6.012647723056838
13,3.7127101933583617,8.000331834441578
13,3.217563085258007,-3.5269420740708144
13,3.03478722833097,6.753332897209463
13,3.828999555669725,5.646563691918285
13,3.9756555147469044,-1.5729990894438823
13,2.4257639786228538,1.6232225849460713
13,0.11750866193324327,-5.1814967286389235
13,1.3457814315333962,0.9421417993454841
13,1.1106323469430208,4.6627461183094034
13,0.4687902005389333,0.2609973342165244
13,0.1728730360046029,-2.3571210637741036
13,1.4812391428276896,-4.019528833666046
13,1.3475132351741195,-0.8533687306996165
13,0.6946102138608694,4.998502196453547
13,2.487093118019402,-3.6634212105160855
13,1.5913745099678636,-1.4007378116211506
13,3.8227030746638775,-8.382051556436142
13,2,1.4715641800742811
13,2.1,5.489507600570729
14,4.154963564872742,-1.4069055784950208
14,-2.8609630331397056,2.2871261815341066
14,2.8068360574543476,-0.396986409053405
14,-2.6435471154749393,8.305970505400753
14,-4.504736917465925,8.92638046079334
14,3.47552679553628,-1.4437213185972846
14,1.777032049745321,-0.6371439900450873
14,4.24391913190484,-4.822314411276842
14,1.68819610029459,3.045479284418609
14,3.2939534246921545,-1.5052510967367927
14,-1.32581582441926,-2.1949149981948186
14,-1.033287502080202,0.5663598974092474
14,0.649799016863108,-6.40652847767263
14,-3.886539517343044,3.300762979011134
14,-2.9396729126572607,-4.8373100971806995
14,0.8454373732209204,3.0965691283732397
14,2.4144400142133238,-4.321069017309729
14,3.525492357462645,-4.815428873545209
14,-1.2307609230279923,0.7228059261221035
14,2.8686196759343146,-1.0319651539669301
14,-4.240181831270456,6.275202362938555
14,1.1849828101694584,0.518873107245557
14,-1.376242496073246,-0.341385315705131
14,0.8441081508994106,-4.933981919734431
14,3.972332563251256,-5.138499296264959
14,-2.885355044156313,3.719097441507942
14,-1.2567972108721732,-1.2124461538439002
14,1.6455199465155603,-1.8520427499509542
14,2.574187687039375,-6.077174665428772
14,0.2135834500193594,-0.2385104926661798
14,3.149520172923803,-2.762953968131588
14,0.26012346893548965,-0.6977503543184974
14,0.01684632003307307,-0.5085791902412778
14,-0.7682561293244365,6.058912137679203
14,-1.3219364807009697,3.6096960179559248
14,-3.615082461386919,6.949375703578821
14,-1.937649317085743,-0.8319715414037505
14,-2.143905698508024,2.636931213791892
14,2.594163414090872,0.8703121472009476
14,2.670540500432253,-2.8401047740117225
14,-3.4196421056985855,-2.9684398390053683
14,0.14905104562640226,0.8854862406719655
14,0.9335086606442928,-6.6483749974008814
14,0.05609303042292613,-2.4896034898435775
14,-1.0934435226023198,5.065456486501126
14,-0.7094582319259644,2.5563687798339876
14,-4.687106546759606,7.962113413365689
14,4.025584995746612,-3.105770411205715
14,-4.037378945946693,3.706902658498123
14,0.07079284563660604,-2.843731165018458
15,0.9444102335255593,-9.210063247579914
15,0.34274347429163754,-3.1497588422803218
15,0.5179505706764758,-6.421023871454214
15,0.6252453352790326,-5.057485045692192
15,0.23726485366933048,-0.5230368848221905
15,0.516123914392665,-6.282395876638701
15,0.8065418277401477,-8.038444962863077
15,0.34826473449356854,-3.7755595441926806
15,0.8586874529719353,-8.409318470318574
15,0.03443876118399203,-2.3432344462738777
15,0.9709971458651125,-8.238010753538106
15,0.7451101362239569,-8.237789365981355
15,0.27325524180196226,-2.484294815495924
15,0.6771061015315354,-5.500970192758526
15,0.34794746804982424,-3.3297226339330583
15,0.9470205216202885,-7.63117630210907
15,0.3386237749364227,-3.073329045345958
15,0.031713203992694616,-0.9330792865199166
15,0.3535857975948602,-2.535912763319102
15,0.3871235877741128,-3.917945029996604
15,0.3569471600931138,-1.4399132558595213
15,0.9599686060100794,-8.657977165253724
15,0.3837382048368454,-2.6008288499310774
15,0.5463376210536808,-4.7118756862391
15,0.925323475850746,-11.335959881577196
15,0.916859527118504,-9.61784767539552
15,0.24273299286141992,-2.608699195897591
15,0.7170908388216048,-6.2170138856488855
15,0.34894603583961725,-5.483237442915515
15,0.5542833507061005,-4.026853522974192
15,0.7429724130779505,-7.291177451555995
15,0.8196983186062425,-8.130162146819096
15,0.869657265022397,-9.382526977745819
15,0.0358651343267411,-1.7766799469417276
15,0.22002440341748297,-1.9238877947029365
15,0.3669732096605003,-2.7933894802706103
15,0.3056964420247823,-4.84915093800734
15,0.7278304575011134,-7.554836096959355
15,0.6997287662234157,-5.76178717375815
15,0.9100609268061817,-8.643585425905552
15,0.8456026096828282,-5.44505498532819
15,0.7785446401685476,-5.761155088768823
15,0.40084342821501195,-3.012092819865512
15,0.5768046588636935,-5.186357480235053
15,0.07635944616049528,-0.4078742333891981
15,0.8729748507030308,-8.562679781594904
15,0.9562857355922461,-7.978554467372963
15,0.5055310798343271,-3.0695657584232405
15,0.9243663637898862,-7.235867364025693
15,0.13451353274285793,-2.0238660513498123
16,0.05273688421584666,-0.05273688421584666
16,0.4111554310657084,-0.4111554310657084
16,0.45634121517650783,-0.45634121517650783
16,0.4158602475654334,-0.4158602475654334
16,0.670353451743722,-0.670353451743722
16,0.7569040800444782,-0.7569040800444782
16,0.9116513144690543,-0.9116513144690543
16,0.819952085847035,-0.819952085847035
16,0.09364985255524516,-0.09364985255524516
16,0.17790608131326735,-0.17790608131326735
16,0.6422145802062005,-0.6422145802062005
16,0.8742829938419163,-0.8742829938419163
16,0.592313350411132,-0.592313350411132
16,0.26243219221942127,-0.26243219221942127
16,0.8837522640824318,-0.8837522640824318
16,0.1876893462613225,-0.1876893462613225
16,0.4888669822830707,-0.4888669822830707
16,0.009820487117394805,-0.009820487117394805
16,0.36043404322117567,-0.36043404322117567
16,0.4421616909094155,-0.4421616909094155
16,0.12572922138497233,-0.12572922138497233
16,0.6243645476642996,-0.6243645476642996
16,0.3024313317146152,-0.3024313317146152
16,0.23963722819462419,-0.23963722819462419
16,0.3586297635920346,-0.3586297635920346
16,0.8929104125127196,-0.8929104125127196
16,0.9906272650696337,-0.9906272650696337
16,0.732421197462827,-0.732421197462827
16,0.9927880882751197,-0.9927880882751197
16,0.5397893621120602,-0.5397893621120602
16,0.43380176182836294,-0.43380176182836294
16,0.9646736741997302,-0.9646736741997302
16,0.1483196432236582,-0.1483196432236582
16,0.06649305578321218,-0.06649305578321218
16,0.024251488037407398,-0.024251488037407398
16,0.6124232418369502,-0.6124232418369502
16,0.6966087480541319,-0.6966087480541319
16,0.8011418872047216,-0.8011418872047216
16,0.13773028389550745,-0.13773028389550745
16,0.15978482272475958,-0.15978482272475958
16,0.9888335929717869,-0.9888335929717869
16,0.3986456955317408,-0.3986456955317408
16,0.18791181617416441,-0.18791181617416441
16,0.47772824112325907,-0.47772824112325907
16,0.5442340227309614,-0.5442340227309614
16,0.3281579806935042,-0.3281579806935042
16,0.9999305936507881,-0.9999305936507881
16,0.5277818359900266,-0.5277818359900266
16,0.1337345081847161,-0.1337345081847161
16,0.4385400677565485,-0.4385400677565485
17,-0.8848636148031801,-4.7307074285519555
17,-0.4370796215254813,-2.1910296531735836
17,0.4059841260779651,-2.427208639799537
17,1.8144727179780604,-40.27687436236327
17,-1.1529358896426856,-15.68336193180481
17,1.7732366768643262,-29.353975320769877
17,1.9676361281424763,-31.922521570069936
17,0.7753507284447552,-6.525626157713102
17,0.6422789843752983,-2.1868648799048005
17,-1.7404976640362293,-30.562346388070235
17,-1.134906785422936,-19.76543190013325
17,-1.2584616393782198,-17.91222979436356
17,0.8854959559626878,-9.81248064881449
17,-0.38676438350230447,-1.7924338670151048
17,1.2333339639939371,-9.710999807490566
17,0.09033681675791749,3.7342713376681855
17,1.0139977347105744,-11.1045320412497
17,2.16600559828803,-48.1826109188334
17,-0.40385224637575434,1.853850507996257
17,1.2652699295431376,-13.225763952692674
17,1.925761970644817,-40.52937014856569
17,-1.1090014106128363,-15.836317072223205
17,0.73702981756068775,-3.609219709051255
17,-1.4726685969624667,-17.84486334221692
17,-0.8776731913443654,-8.264833368797172
17,-0.37832081131637096,2.974272269520302
17,-1.9437606007326393,-35.791523327769774
17,-0.39397058030590415,-4.612260147719565
17,1.6527015520259738,-25.6086257435685
17,-0.570534213911742,-8.901908372842856
17,0.024736484978348017,7.158999571614345
17,0.5181764667853712,7.21693098522759
17,0.07287348960526296,-1.889212837205029
17,-1.2178860740736126,-20.053138025807023
17,1.474967938149348,-18.90670604847332
17,0.8075603004079315,-7.196809407353607
17,1.3358074150513861,-5.835725698538777
17,-1.5466367712710052,-24.11705303614184
17,1.0395859733689576,-7.358693148000947
17,-0.27264739549718797,-0.60335522881067
17,1.4479744352865964,-24.6826656968474
17,0.717652814043686,-4.206294117476499
17,1.2883176016155633,-25.62241557077996
17,0.32275250889360896,6.286082487843238
17,0.22482223683036873,0.26081630932538447
17,1.3152961730957031,-6.436981877791254
17,-1.9020089501980693,-33.7988328218373
17,0.004366273153573186,-3.549922798021589
17,2,-36.946368232554725
17,2.1,-48.770488158221255
18,-16.82937325993553,104.37755352715425
18,6.109257460664956,-47.128576961101494
18,-1.4377218553796425,-235.91479361254636
18,-3.1737819268368206,-381.0840434084195
18,-10.070924964593724,-1109.2096340368025
18,-6.315430347388611,-759.5373916328542
18,-4.886682626744733,-689.3227365667376
18,-14.537835893873126,-282.64352497318583
18,-4.005155795346946,-410.67561456222836
18,-17.72667247960344,764.5439464320667
18,-11.611770833982154,-897.7545859473097
18,-13.576474519027396,-496.56817711182214
18,-11.399327474553138,-1034.3859794034038
18,7.031841909000651,-194.38326803336238
18,-6.523693235591054,-628.4421116396976
18,3.5555436715017983,106.10310192376886
18,6.59469485306181,-87.11948648762433
18,-7.523648873018102,-939.6764183747349
18,-18.07298388858326,791.2033679999719
18,-9.868277751142159,-1033.1488668202244
18,1.8565235879272208,204.0893178104344
18,-9.804016928374768,-1020.5189981702869
18,-0.9614935010205947,-165.22007142189526
18,5.386559530999509,253.37922449796383
18,5.855176274245604,16.203675867792665
18,-8.180949712963775,-961.3870401060275
18,-8.509084654739127,-970.8803668309689
18,7.042451865039766,-55.47448540756258
18,-0.5416639600880444,-65.76919883825775
18,2.380575191229582,163.37898743390906
18,-1.7198359148111209,-278.27421282047817
18,7.273064667219295,-225.3073800057322
18,-11.129349316004664,-965.8317437368196
18,-14.223944681370632,-638.4707744769606
18,6.7708184877876185,-27.979725664428464
18,-4.799147530924529,-781.9071253412427
18,6.487137799337507,-8.326784991582116
18,-14.286352602252737,-738.1652272587204
18,2.8947121820878223,145.30466535003063
18,1.8798665585927665,82.61082735022407
18,8.500489512505009,-565.0167498992471
18,-3.46107307211496,-431.2649015343445
18,1.4946648052427918,-105.93599473052716
18,-8.255065985256806,-803.2270741091398
18,-16.953631589282303,103.49204779466336
18,8.004523075371981,-408.7641588421277
18,-11.446378490608186,-1089.0443585095604
18,-2.16469060382806,-343.28270251074
18,2,402.4599854754016
18,2.1,158.72647436319022
19,-0.5041544840205461,0.9945221415896863
19,-0.405487208859995,0.9762859401919753
19,-0.7478017024695873,0.9975344519898994
19,3.646269598742947,1.5059224119997414
19,2.3685611642431468,1.3473423956143122
19,-0.5257107226643711,1.0729448631522276
19,1.4629806040320545,1.785761496285456
19,1.3077592032495886,1.612576037069379
19,0.876082654343918,0.06985658547378991
19,3.955496097682044,1.4656146610599061
19,-0.11824643146246672,0.8958252479344508
19,3.0671760425902903,1.4869926147280177
19,-0.6577668143436313,0.9887284230651628
19,1.0022487337701023,1.8039856991498555
19,-0.29427837138064206,0.9456081780280688
19,-0.03345068800263107,0.9694549654710732
19,3.206758583895862,1.3842462256862018
19,2.599569941870868,1.1874256187380057
19,0.33606041548773646,0.028542836343529988
19,1.4750082241371274,1.648045879708508
19,-0.5844305108767003,1.0589564949266987
19,0.7694212030619383,-0.085773877827617
19,3.8460440267808735,1.3755931066906504
19,2.1235709483735263,1.3023221971859438
19,2.323091248748824,1.1278748299633699
19,0.5624482824932784,0.029250204574543553
19,1.0284480636473745,1.6729436003712668
19,3.980386857641861,1.4790675306152163
19,3.2754117818549275,1.5699100033204871
19,3.7677419800311327,1.5626477787743798
19,3.061525461729616,1.4265055461515235
19,2.910910579143092,1.0377482769942348
19,0.3393906445708126,0.17733397287822564
19,2.8107576477341354,1.24736169784035
19,3.9315579456742853,1.4884342408534226
19,0.46802774514071643,-9.513661433595178e-4
19,0.9967555347830057,0.036217698029657776
19,3.0606576192658395,1.4383293159443535
19,-0.6142416540533304,1.0298693196710704
19,0.8184840492904186,-0.028417518822412707
19,1.2129623359069228,1.6027152406941303
19,-0.21642933739349246,1.0701365169892965
19,1.91102635092102,1.8079018968104676
19,3.850810894276947,1.4280794195849813
19,3.947499167174101,1.361016427351854
19,-0.1177398175932467,1.0455991327031255
19,1.7106521220412105,1.6968256512805275
19,0.9215194601565599,-0.1230585068845635
19,2.3808202540967613,1.200151362037299
19,0.3464688987005502,-0.044751323708898366
19,0,0.47579123082991126
19,0,0.41788336225285444
19,1,1.12802307546214
19,1,0.9764896254162233
20,0.2655086631421,5.824978395032999
20,0.37212389963679016,5.61553396742576
20,0.5728533633518964,8.26979410286245
20,0.9082077899947762,4.514322309604307
20,0.2016819310374558,6.378071802348009
20,0.8983896849676967,9.288261450824061
20,0.9446752686053514,5.2178222381421655
20,0.6607977924868464,6.220668421586577
20,0.6291140438988805,8.66674093401958
20,0.061786270467564464,1.2657239915020544
20,0.20597457489930093,7.903280503140733
20,0.17655675252899528,3.73161307185343
20,0.6870228466577828,8.770172373525467
20,0.384103718213737,6.693882866602067
20,0.7698414199985564,6.278009447732428
20,0.49769924208521843,7.771578789957958
20,0.7176185082644224,4.933498295200906
20,0.9919060948304832,7.318430643869217
20,0.3800351794343442,6.842224741022567
20,0.7774452213197947,10.606626595478406
20,0.9347052311059088,6.607417689862207
20,0.21214252128265798,3.338554398960468
20,0.651673766085878,8.7143597342895
20,0.12555509596131742,1.4224493091294457
20,0.26722066872753203,3.3719289019258594
20,0.3861140925437212,7.108339817651998
20,0.013390333158895373,-0.3337655012973894
20,0.3823879570700228,6.636945959954295
20,0.86969084572047,6.726539786639519
20,0.3403489966876805,5.307694706983689
20,0.48208011547103524,6.550975032896794
20,0.5995658254250884,7.59679413258811
20,0.4935413070488721,9.234002735811428
20,0.1862176014110446,1.6765499331258185
20,0.8273733186069876,7.884320079762525
20,0.6684667381923646,8.274138410238606
20,0.7942398607265204,8.834307146739905
20,0.10794362588785589,2.0092782343485984
20,0.723710946040228,8.172651197511298
20,0.4112744296435267,7.2995757976743505
20,0.8209462941158563,6.230820949957772
20,0.6470601938199252,9.614568665947306
20,0.7829327622894198,9.0542487754551
20,0.5530363116413355,8.759245025428838
20,0.5297195801977068,10.011183013857245
20,0.7893562316894531,8.109970220444811
20,0.023331202333793044,-1.3424951543890367
20,0.47723006503656507,6.515882805062715
20,0.7323137386702001,5.745256307504945
20,0.6927315564826131,7.010647770469884
20,0.4776196221355349,6.447530468574364
20,0.8612094768323004,6.759775470808571
20,0.4380971072241664,5.747463700611837
20,0.24479727703146636,5.158460947552362
20,0.07067904714494944,0.6851886586391496
20,0.09946616017259657,4.93971456798427
20,0.3162717071827501,6.981298038308736
20,0.5186342631932348,8.95148794491392
20,0.6620050764176995,8.361390523125921
20,0.4068301871884614,9.38380277633469
20,0.9128759242594242,5.201444363712181
20,0.29360337276011705,4.9235584135397525
20,0.4590657262597233,9.410239693778234
20,0.3323946741875261,5.12409793615797
20,0.6508704670704901,7.488043263268146
20,0.2580167807172984,4.529754441135115
20,0.4785452482756227,6.90353081112426
20,0.7663106706459075,6.994455932767239
20,0.08424691436812282,2.7055045044938146
20,0.875321330036968,6.293288911166056
20,0.33907293784432113,5.418478109369065
20,0.8394403501879424,8.90736496198107
20,0.3466834891587496,5.94142928304274
20,0.3337749307975173,5.846924386295102
20,0.4763512450736016,7.220284841356288
20,0.8921983358450234,7.45360044701011
20,0.8643394706305116,6.556485749776639
20,0.389989543473348,6.6514504492621205
20,0.7773206988349557,6.325977375995129
20,0.9606179972179234,5.07330579049912
20,0.4346594847738743,7.178150425920833
20,0.7125146787147969,6.775981890799422
20,0.399994368897751,7.597193608394431
20,0.3253521518781781,3.7391322196390506
20,0.7570871480274945,7.923396497703902
20,0.20269225514493883,1.9409486374022715
20,0.7111212224699557,7.212698510550692
20,0.12169192102737725,1.9536996961502537
20,0.24548851395957172,3.9537784682462176
20,0.14330437942408025,3.0865414155885027
20,0.2396294150967151,1.9707511073059836
20,0.05893437727354467,3.1687691833740503
20,0.6422882585320622,5.309063668020566
20,0.8762692126911134,5.854480052863182
20,0.7789146774448454,5.664825283776716
20,0.7973088258877397,6.0924648686336
20,0.45527445361949503,10.3671145965593
20,0.4100840820465237,6.914816393744171
20,0.8108702427707613,5.192094261395276
20,0.6049332902766764,5.343538241589729
21,-0.6,-15.322353780277712
21,-0.46,-3.65088897402015
21,-0.091,-2.457388119172277
21,0.18488225992769003,5.571970896236132
21,0.7023740359582007,17.802143319581003
21,0.573326334822923,14.21602452477681
21,0.16805192036554217,3.0686306308013913
21,0.9438393388409168,24.227998193275692
21,0.9434749586507678,23.77440266923209
21,0.12915897672064602,4.12057203363273
21,0.8334488156251609,19.61263800244586
21,0.46801851550117135,11.87429698621188
21,0.5499837417155504,13.060209845685801
21,0.5526740669738501,15.021017360787583
21,0.23889475944451988,6.66973005372785
21,0.7605133131146431,18.503053681687053
21,0.1808201007079333,4.096948643557238
21,0.4052821812219918,11.53227437570596
21,0.853548452956602,23.134799403623685
21,0.9763984894379973,24.837780875862567
21,0.22582546109333634,6.552636960751868
21,0.44480922911316156,10.865634670665864
21,0.07497942470945418,1.3077126327703348
21,0.6618987584952265,16.023356836899207
21,0.3875495425891131,10.302159400964063
21,0.8368891768623143,20.431070429427354
21,0.15050144074484706,3.213266203581636
21,0.3472722489386797,8.32538505119151
21,0.48877323139458895,11.95054590904695
21,0.14924686285667121,3.160641014311634
21,0.35706259007565677,7.981223974197456
21,0.9626440482679754,23.518739061794395
21,0.13237200328148901,4.909907762596703
21,0.010414525400847197,0.9614734196566587
21,0.16464224201627076,4.5042248378434895
21,0.8101921444758773,22.223065969937174
21,0.8688610368408263,21.819111860858584
21,0.5142817629966885,11.581585257087454
21,0.6271962865721434,16.934282658003035
21,0.8444290030747652,21.93210636787708
21,0.2848705742508173,6.0357861036189435
21,0.6672256477177143,16.791168274428326
21,0.15046975202858448,3.942564272122576
21,0.981727862264961,25.316244492195672
21,0.29701073514297605,8.407925172698162
21,0.11508407536894083,3.5471924223277704
21,0.16320087178610265,2.659277562252404
21,0.9440418081358075,23.36496793924487
21,0.7948638235684484,18.89681074111813
21,0.9746878976002336,23.531114786143345
21,0.3490884106140584,7.804714835431535
21,0.5019698808901012,11.42578301863107
21,0.8103972626850009,20.63221842603924
21,0.007109038066118956,2.088461432964115
21,0.014693910954520106,1.279343383284594
21,0.6834034228231758,16.26648967169844
21,0.9297202217858285,22.53852957683144
21,0.27540119853802025,6.945853571989266
21,0.8118596954736859,20.738852007670296
21,0.7858789127785712,18.072148084251964
21,0.9889021555427462,22.48444602280846
21,0.6139529095962644,14.541340312234393
21,0.710185730131343,19.275183778845385
21,0.7700278565753251,19.215186182707082
21,0.8869841571431607,23.228503230008588
21,0.6251217296812683,15.567490268796973
21,0.26030003535561264,7.460692401992269
21,0.8590731178410351,21.06355045369189
21,0.4374880020041019,11.009527300814375
21,0.38814475759863853,9.056127388991671
21,0.46150110522285104,10.751757917991899
21,0.21867519337683916,5.401763777621548
21,0.06593551044352353,1.1289190337299453
21,0.2757010266650468,7.583522448224768
21,0.31038109748624265,9.447705620636494
21,0.0421755260322243,1.0962211885715378
21,0.18467346322722733,4.249863630773668
21,0.18337322818115354,3.1819824555127303
21,0.7554624164476991,17.25546720567729
21,0.2880597321782261,4.997388956233998
21,0.8678446623962373,21.118673587939707
21,0.40264273597858846,10.403967870008895
21,0.5726850035134703,12.681380326266437
21,0.35064257495105267,8.399867129535368
21,0.6719989283010364,17.244486495803127
21,0.0250503565184772,1.1208028840637687
21,0.4011010378599167,10.120931382814785
21,0.19997652992606163,6.366331347464681
21,0.8565250008832663,20.869963318498737
21,0.9715154285077006,24.27209829771299
21,0.3237224367912859,7.397018325100198
21,0.7331914333626628,17.596383697228397
21,0.3400682401843369,10.39680440158678
21,0.9767551845870912,24.859102438299697
21,0.39701641188003123,12.27577350118773
21,0.3799988792743534,9.687489944796859
21,0.5603876302484423,13.643441196433315
21,0.463808179134503,11.117543827857897
21,0.19677682663314044,4.91858340388934
21,0.4269434027373791,10.458617885967728
22,0.16804152633994818,0.9623467501499114
22,0.8075163990724832,3.3839451930262183
22,0.38494235137477517,2.0275241294268875
22,0.3277343171648681,1.0693106499173082
22,0.6021006747614592,2.160683347161489
22,0.6043940540403128,2.7478466055339568
22,0.12463344424031675,0.49411037707166416
22,0.2946009242441505,1.8742931765275392
22,0.5776099190115929,3.417981706598747
22,0.6309792743995786,2.659487940901116
22,0.5120158975478262,2.8537299099231173
22,0.5050239141564816,2.988830613577776
22,0.5340353534556925,2.80704323169359
22,0.5572494356893003,2.9823803431242193
22,0.8679194876458496,5.35882771552304
22,0.8297086933162063,3.749581048853993
22,0.11144915339536965,0.5105675490280176
22,0.70368835888803,4.190543555491225
22,0.8974882643669844,3.3305730158177527
22,0.27973255375400186,1.450748252226531
22,0.22820188128389418,1.1338608679429512
22,0.015329892514273524,0.08381001412502186
22,0.12898155860602856,0.7770104053697162
22,0.09338192851282656,0.4918760904379851
22,0.23688500747084618,1.2393411654622064
22,0.7911474094726145,4.547192889011224
22,0.5997315656859428,3.728572231793461
22,0.910147710936144,4.899651275003887
22,0.5604245539288968,2.2483937078455303
22,0.7557047691661865,3.6599893535375885
22,0.3791718911379576,2.5539256257710994
22,0.3732809768989682,1.7348986288579196
22,0.1702906428836286,0.9687221702477239
22,0.4533073236234486,2.8215688684338187
22,0.2584139604587108,1.4973270558079217
22,0.33626595232635736,1.6791768530293312
22,0.8895830346737057,4.64286786045105
22,0.20194629882462323,0.830713420565387
22,0.5791860427707434,3.1506332367811316
22,0.2076320298947394,0.8541172462651183
22,0.2814687923528254,1.1670207125282772
22,0.7862812040839344,3.152992086002472
22,0.17301934934221208,0.7524823041671567
22,0.5707475182134658,3.4552750318736547
22,0.4192829632665962,1.9325263162002828
22,0.2676221651490778,1.3192203422573943
22,0.04780944180674851,0.21695681774533254
22,0.1034930539317429,0.5734455181064633
22,0.3140314556658268,1.8627199643983734
22,0.8006410622037947,3.835651676979324
22,0.22932469542138278,1.2881970889411634
22,0.21299844072200358,0.9787113250347866
22,0.8771009058691561,5.309182793662512
22,0.9932219632901251,5.564311757952815
22,0.8442470198497176,5.0802236655715385
22,0.9104365492239594,5.105880500481455
22,0.4712697323411703,2.4537770789452122
22,0.22441840800456703,0.6962071023716057
22,0.12781465658918023,0.5518291927212742
22,0.2796835124026984,1.5330399807005506
22,0.8161060602869838,3.7026478652201384
22,0.05761299282312393,0.271948207804317
22,0.802829249529168,3.682023699358225
22,0.10438783536665142,0.6909187099238582
22,0.7666060186456889,3.2802644455014027
22,0.30481056636199355,1.385945249910049
22,0.7692874209024012,3.8574049589822432
22,0.5406557263340801,2.819933009659951
22,0.36237053223885596,1.8802936543866993
22,0.0925569161772728,0.4581429908997732
22,0.7597552551887929,2.6626233518811566
22,0.7608199468813837,4.083958033978743
22,0.9032608452253044,4.983420172700046
22,0.9662827861029655,4.36340890793684
22,0.5152566228061914,2.924006939573322
22,0.5494806738570333,2.3284525959008953
22,0.16371989692561328,0.8818074458697718
22,0.16459695366211236,0.713691840560957
22,0.7863327774684876,2.575755527055121
22,0.7511134196538478,4.624093876135587
22,0.784214704297483,4.46493158679174
22,0.6543549145571887,3.365449637994254
22,0.3781043973285705,2.4549613581388923
22,0.008566967444494367,0.02885223150382471
22,0.9553295536898077,4.898782852872549
22,0.8386161478701979,2.177329523729856
22,0.2134249375667423,1.3752949856289487
22,0.4947135562542826,2.038767474786415
22,0.6362442562822253,2.35000739953321
22,0.9210913931019604,3.7974765234003263
22,0.011744040763005614,0.045045672235135614
22,0.26740291714668274,0.8069290332876465
22,0.4355721017345786,1.7466684176933234
22,0.8294670947361737,4.021518088235574
22,0.8709440384991467,5.149462541901264
22,0.2510689594782889,1.3576980319581073
22,0.3243582483846694,1.2188784938110335
22,0.3062378119211644,1.3343717291744195
22,0.1842820351012051,1.277119410723981
22,0.6799773995298892,3.6788132944806335
23,1,0.9911485783892316
23,2,0.9992507892167065
23,3,1.0118627620386424
23,4,1.0003731486569953
23,5,0.994835570820242
23,6,0.9797993759428971
23,7,0.9617978775726636
23,8,0.9634048986716608
23,9,0.9546433004725674
23,10,0.9606273760527007
23,11,0.9510291108933371
23,12,0.9457457069347036
23,13,0.9554950683357188
23,14,0.952989709825688
23,15,0.9304476809989571
23,16,0.9327592639678811
23,17,0.9244148582765138
23,18,0.9391951873555936
23,19,0.9353401373837548
23,20,0.9417613117035568
23,21,0.9482948865715126
23,22,0.9380600937690416
23,23,0.9374808605550229
23,24,0.9487339869575294
23,25,0.9544787184302669
23,26,0.9501632374567999
23,27,0.9562110468507566
23,28,0.9622133286887803
23,29,0.9694469641318448
23,30,0.9772085962610563
23,31,0.9651226533269947
23,32,0.9634618849920858
23,33,0.9722493041063703
23,34,0.9825611336392864
23,35,0.9742970805693703
23,36,0.9686027515036736
23,37,0.9514926275985213
23,38,0.9486026763610982
23,39,0.9387153837075989
23,40,0.9323463526345475
23,41,0.9332769425210826
23,42,0.9437699023381164
23,43,0.9367082118872572
23,44,0.9268445120760448
23,45,0.9230661708294453
23,46,0.9235465871409523
23,47,0.9249564028910097
23,48,0.9174054427669053
23,49,0.9061101765857014
23,50,0.8984555245731978
23,51,0.9089438133489539
23,52,0.8969561404631639
23,53,0.906074688190689
23,54,0.9059425619478638
23,55,0.9053095250213997
23,56,0.906176656071105
23,57,0.8948301292177192
23,58,0.8962510140182932
23,59,0.8927329982467123
23,60,0.883252768223387
24,0.2016819310374558,0.9494307885501951
24,0.8983896849676967,10.302526164503739
24,0.9446752686053514,11.75404478346392
24,0.6607977924868464,9.2882530613712
24,0.6291140438988805,7.44658079944357
24,0.061786270467564464,1.1291068571701426
24,0.20597457489930093,2.417889858208706
24,0.17655675252899528,0.7416214735193367
24,0.6870228466577828,7.829279596593714
24,0.384103718213737,4.214954664854495
24,0.7698414199985564,9.17878364327149
24,0.49769924208521843,7.072416277006504
24,0.7176185082644224,9.374597847630612
24,0.9919060948304832,11.738349541712212
24,0.3800351794343442,4.307060473075622
24,0.7774452213197947,10.026306031242273
24,0.9347052311059088,11.773125971944562
24,0.21214252128265798,1.8569545608423759
24,0.651673766085878,7.112590036068417
24,0.12555509596131742,1.8712431136726393
24,0.26722066872753203,3.9751809492458
24,0.3861140925437212,4.521022898374427
24,0.013390333158895373,1.0417917243609591
24,0.3823879570700228,4.986761365207342
24,0.86969084572047,9.824263755394869
24,0.3403489966876805,4.42530765167659
24,0.48208011547103524,4.65559828957163
24,0.5995658254250884,8.627813606802098
24,0.4935413070488721,7.9028955830923255
24,0.1862176014110446,1.867389740466026
24,0.8273733186069876,8.88434519696732
24,0.6684667381923646,8.591320485750789
24,0.7942398607265204,9.39582372483742
24,0.10794362588785589,3.696941271159047
24,0.723710946040228,8.645291349749566
24,0.4112744296435267,5.6250325181730965
24,0.8209462941158563,9.879357688170941
24,0.6470601938199252,7.021449116956697
24,0.7829327622894198,9.58398544698738
24,0.5530363116413355,4.831477110804988
24,0.5297195801977068,7.822189823935368
24,0.7893562316894531,9.625528118485335
24,0.023331202333793044,2.4525860983676693
24,0.47723006503656507,6.202270309338443
24,0.7323137386702001,8.077818433120587
24,0.6927315564826131,8.923505031280412
24,0.4776196221355349,4.7973378339821675
24,0.8612094768323004,9.080880321748502
24,0.4380971072241664,5.54861152220746
24,0.24479727703146636,2.4942754511591634
24,0.3,-4
25,0.5004409726243466,-0.7024515879339555
25,0.18086636113002896,-1.5967275562645509
25,0.5296306028030813,-2.110151451216292
25,0.07527574570849538,-1.181974706086526
25,0.2777559326495975,-0.5147647139877305
25,0.2126995192375034,-0.7310804356604771
25,0.28479048097506166,-1.421335801222698
25,0.8950941029470414,-2.1243880107218227
25,0.44623532332479954,-1.5559217026045062
25,0.7799848897848278,-2.123395630595185
25,0.8806190348695964,-2.7406169548781274
25,0.4131242095027119,-2.429273459775444
25,0.06380848051048815,-0.8712238297498707
25,0.33548749168403447,-1.2953696639311412
25,0.7237259466201067,-4.025289564081119
25,0.33761533349752426,-0.7737425520936108
25,0.6304141224827617,-3.802405921719371
25,0.8406145540066063,-1.7370109125614812
25,0.8561316647101194,-3.925223254843182
25,0.3913592810276896,0.11286008370553446
25,0.3804938856046647,-1.9344954299010566
25,0.8954454259946942,-4.554068539484336
25,0.6443157629109919,-2.551880184056162
25,0.7410786487162113,-2.93683925901804
25,0.6053034465294331,-4.101396508513665
25,2,-8
26,0.8540015022736043,6.868636992352652
26,0.34723067772574723,2.1784315826892833
26,0.1314423205330968,0.05433248888741504
26,0.37448686454445124,3.203994051697602
26,0.6314202283974737,4.4074122517865995
26,0.39007893367670476,2.3556977736230387
26,0.6896278487984091,5.145280676681336
26,0.6894134124740958,4.337088252482049
26,0.5549006231594831,6.542962389114849
26,0.4296244077850133,4.6876490591846425
26,0.45272006280720234,3.9486244487262696
26,0.30644325888715684,2.8583433323229186
26,0.5783539440017194,3.505595670900104
26,0.910370304249227,7.258370503645521
26,0.14260408212430775,0.6496338903594009
26,0.41504762531258166,1.897278799018533
26,0.2109257506672293,3.3596627970532005
26,0.42875037086196244,2.0722815168325615
26,0.1326899752020836,0.6346333728076722
26,0.4600964458659291,2.6057248502651484
26,0.9429570592474192,5.653623622990915
26,0.761973861604929,5.9327921810448165
26,0.9329098288435489,5.006753919527289
26,0.47067849757149816,3.0885604808832015
26,0.6035880676936358,3.650821059554045
26,0.48498968058265746,2.0047617274435234
26,0.10880631650798023,0.6912268330487065
26,0.2477268329821527,1.303208301270985
26,0.4985145307146013,2.8973763420406207
26,0.37286670808680356,3.59118311651424
26,0.9346913702320307,7.075248948294721
26,0.5239860778674483,3.577446420831144
26,0.3171446716878563,2.3765031935110845
26,0.2779660294763744,1.2084505154946514
26,0.7875405077356845,5.311442348277612
26,0.7024625125341117,6.019414182812476
26,0.16502763866446912,1.1384452144994095
26,0.06445753877051175,0.6129914049508247
26,0.7547056216280907,7.30770074147437
26,0.6204100330360234,3.6391759773534256
26,0.16957676666788757,2.14782975062574
26,0.06221405230462551,2.225983419670194
26,0.10902926861308515,-0.30096028304182987
26,0.38171635172329843,2.6896510084876906
26,0.16931091458536685,0.7952677727917179
26,0.2986525420565158,1.5997350420290586
26,0.19220953504554927,0.29974909353210233
26,0.2571700213011354,0.903978885147369
26,0.18123182281851768,2.5380099233366655
26,0.47731370967812836,3.9350369163444014
26,0.770737042883411,6.170793619067382
26,0.027787122409790754,1.7518802332135068
26,0.527310776989907,3.325773642045459
26,0.8803190689068288,6.9787899310959265
26,0.37306337198242545,2.550808825756426
26,0.04795913165435195,-0.1656643962146257
26,0.13862824672833085,1.8964604524313358
26,0.3214921203907579,2.287382533577473
26,0.15483161131851375,0.017621105716579155
26,0.13222817215137184,0.6871408517805404
26,0.22130592772737145,3.0443649379348265
26,0.2263807961717248,2.7568241201915455
26,0.1314165338408202,-0.5377914732366409
26,0.9815634603146464,6.966000449191167
26,0.32701372681185603,3.136761051279018
26,0.5069394970778376,1.9242119497842745
26,0.6814425147604197,6.178660960156901
26,0.09916910319589078,0.15242336027012215
26,0.118902558228001,1.1109826317023619
26,0.050439659506082535,0.15910487187228073
26,0.9292539197485894,8.08093561945886
26,0.6737122328486294,3.2404379946798825
26,0.09485785546712577,0.5193967809593393
26,0.4925961208064109,2.4949697004624856
26,0.4615518406499177,3.6374056164943505
26,0.3752165308687836,4.855777917722396
26,0.9910992195364088,5.423197528504529
26,0.17635071370750666,1.1727475739405089
26,1.42,19
27,0.4414591430686414,-8.812991439860264
27,0.26092973724007607,-4.006652199984629
27,0.9384137454908341,-18.219098346044227
27,0.7158332837279886,-13.885163052631357
27,0.16308547835797071,-2.2412143107216402
27,0.4761880184523761,-7.327945051474545
27,0.6902567229699343,-12.844822835491524
27,0.46089517953805625,-9.17919242101071
27,0.9551467383280396,-19.336901323092338
27,0.7125401224475354,-13.869295305382183
27,0.3971479332540184,-8.485640058336372
27,0.11772061209194362,-2.495624212865714
27,0.24011627305299044,-4.167830019785246
27,0.8636305665131658,-17.260837855774014
27,0.4359764016699046,-5.634384750633307
27,0.4978680519852787,-9.303481312055217
27,0.691927672130987,-12.016418503033812
27,0.760313281789422,-16.735076333839125
27,0.15540122264064848,-2.2116220729768825
27,0.8494570930488408,-17.455929928379536
27,0.9468178190290928,-17.06973488394362
27,0.5884191903751343,-10.781834461675597
27,0.5022508152760565,-9.950294069514847
27,0.1897799177095294,-2.281559806303786
27,0.0018368582241237164,-0.7361319755052702
27,0.8775780622381717,-17.2545974867658
27,0.13411133782938123,-3.5491875997836617
27,0.02274122415110469,-1.1002618656243826
27,0.9391367060597986,-16.89841246176309
27,0.29294872283935547,-5.132323584402592
27,0.16432657442055643,-2.1170456963135287
27,0.3991025558207184,-7.973067224647329
27,0.4595754120964557,-8.35556253805801
27,0.43403084855526686,-8.002421198063576
27,0.5170098263770342,-11.249444043546188
27,0.8462457526475191,-14.300240012827413
27,0.05516428640112281,-0.9136737806876574
27,0.554177061188966,-9.76376516343249
27,0.6882752375677228,-12.122092836877751
27,0.6580575536936522,-12.553659221621661
27,0.6633427252527326,-12.90932719956889
27,0.4722342025488615,-8.078776146002856
27,0.9695281661115587,-19.46833330518091
27,0.4021970627363771,-5.670406805767014
27,0.8495521037839353,-16.525122078183134
27,0.7566449074074626,-12.7221079384668
27,0.5326012193690985,-8.607210474062242
27,0.8741496608126909,-16.52587782185521
27,0.46711511560715735,-8.30796628168449
27,0.008128455374389887,-1.1789891316478682
27,0.7277670046314597,-13.504566584975299
27,0.7165894787758589,-12.571587638385136
27,0.18742637103423476,-3.4620225627532624
27,0.6460672768298537,-12.72941516892158
27,0.5419792798347771,-10.953388169311205
27,1.47655086631421,-17
27,1.487212389963679,-20
27,1.5072853363351897,-21
27,1.5408207789994777,-19
28,0.4856721069663763,1.8874744633086047
28,0.9381769166793674,1.4738811811091381
28,0.8575015370734036,0.6772684923129983
28,0.3708835376892239,0.3799626865667446
28,0.3142018299549818,-0.192798426457334
28,0.8285343598108739,1.5778917949043996
28,0.45184151316061616,0.5962341093184539
28,0.31587841222062707,-1.1735769408713594
28,0.09780853753909469,-0.15564253489031818
28,0.06490053655579686,-1.9189098202698407
28,0.6894573664758354,-0.1952588461106366
28,0.668050603941083,-2.5923276699459867
28,0.90454664779827,1.3140021671980533
28,0.3016932704485953,-0.6355430010321352
28,0.9328087046742439,-0.429978838694188
28,0.20198301738128066,-0.16931833230196294
28,0.7923787559848279,0.6122181739891281
28,0.22463050880469382,0.6783401772226998
28,0.030756571097299457,0.5679519724716718
28,0.8620340412016958,-0.5725426039261257
28,0.6851075051818043,-1.3632912562783401
28,0.9420749095734209,-0.3887222443379007
28,0.6758537604473531,0.2779141324505429
28,0.8431201484054327,-0.8230811215720245
28,0.3618941849563271,-0.0688409344784646
28,0.39236588519997895,-1.167662326129799
28,0.567687397589907,-0.0083090142156068
28,0.09515213361009955,0.12885540159740508
28,0.193784071598202,-0.14587562846100258
28,0.5880663930438459,-0.16391095673606826
28,0.7515041681472212,1.7635520027849219
28,0.8672387872356921,0.7625865124183183
28,0.37179573718458414,1.111431080730634
28,0.7988145495764911,-0.9232069528298311
28,0.058314392575994134,0.16434183842795594
28,0.6234357093926519,1.1548251870972732
28,0.3566414066590369,-0.0565214245264898
28,0.5879279323853552,-2.1293606482346514
28,0.9137846420053393,0.3448457620994559
28,0.19944218290038407,-1.9049554455855295
28,0.36908362386748195,-0.8111701531402171
28,0.6714083277620375,1.324004321299602
28,0.7681445507332683,0.6156368493026744
28,0.5222482760436833,1.091668955535361
28,0.8280750180128962,0.30660486151363225
28,0.5270961946807802,-0.11015876248285665
28,0.5017548250034451,-0.924312773127284
28,0.4199733198620379,1.5929137537191953
28,0.36229828326031566,0.0450105981218803
28,0.12342891027219594,-0.7151284006678825
28,0.2981615294702351,0.8652230997171378
28,0.2766764897387475,1.0744409582779002
28,0.7702253556344658,1.8956547741985799
28,0.7781813021283597,-0.6029973036050944
28,0.14378728065639734,-0.3908678207231371
28,0.5155261505860835,-0.41622203153019227
28,0.5972404854837805,-0.3756574228203912
28,0.5058430240023881,-0.3666309457023581
28,0.38609963306225836,-0.29567745270088636
28,0.4260981008410454,1.44182041019987
28,0.011759734712541103,-0.697538291913041
28,0.9193317703902721,-0.38816750592136023
28,0.07943969313055277,0.6525364521715172
28,0.5073742547538131,1.1247724465351288
28,0.8201716169714928,-0.7721108030239276
28,0.5983954181428999,-0.5080862161382866
28,0.4241535260807723,0.5236205904980171
28,0.5593102707061917,1.0177542265379695
28,0.7890944720711559,-0.25116458808797826
28,0.16771525796502829,-1.4299934473886102
28,5.78,12
29,0.9562857355922461,42.06170610440051
29,0.5055310798343271,19.11233319542983
29,0.9243663637898862,37.282221176016904
29,0.13451353274285793,4.273646837489155
29,0.23873700317926705,9.897133775992643
29,0.4899626220576465,18.725240347243815
29,0.47406009677797556,19.039706993855948
29,0.434994159033522,17.10289771918426
29,0.039248960092663765,0.38671616327388136
29,0.6443310151807964,25.784533295655756
29,0.7155672002118081,29.61428904453169
29,0.35166672128252685,15.660636305204811
29,0.9465567488223314,36.489558681964084
29,0.74310650723055,29.474649356179683
29,0.05078592034988105,3.1908613408507946
29,0.9803647808730602,38.100368887078815
29,0.21782245254144073,6.1843974128072405
29,0.03619600203819573,0.5119375230145169
29,0.2607038654386997,9.460915159612423
29,0.720415785908699,28.864120028675757
29,0.24789418117143214,9.512030453359252
29,0.23491579154506326,9.628127790047163
29,0.021011842880398035,0.4181013072891759
29,0.2646206277422607,10.958943504385726
29,0.691801619483158,27.306059004329306
29,0.03466939111240208,2.5768770910171463
29,0.06278612953610718,1.7741176561870584
29,0.39770609186962247,16.198910320224165
29,0.4900284248869866,18.71628742719501
29,0.6310487475711852,25.44995638171824
29,0.7234043122734874,28.88844231846097
29,0.07676579244434834,1.386111051635341
29,0.42144608055241406,16.713616665477613
29,0.9737266858574003,40.12928109979866
29,0.8138057834003121,33.23363125921199
29,0.22376772295683622,9.093956549161
29,0.4897423058282584,18.39737578941742
29,0.01134019298478961,1.6228363721806724
29,0.25860229693353176,10.423293586286643
29,0.45459877187386155,17.732177122185785
29,0.7409766882192343,31.281095741570144
29,0.9906600117683411,38.856808149134125
29,0.332204946083948,13.591558804115769
29,0.9447914054617286,39.07339363965266
29,0.9618534198962152,39.076359591019035
29,0.8992774996440858,35.6640777212266
29,0.4927158351056278,19.29021530080247
29,0.7849354778882116,31.75255464557455
29,0.8031190470792353,32.63824299776897
29,0.6777676236815751,27.129312347591743
29,0.5812775786034763,24.56955211639573
29,0.3306680873502046,13.16089149417003
29,0.001314656576141715,-0.6477098152720352
29,0.06580196414142847,3.1694046971784795
29,0.08595191733911633,1.2362943712107355
29,0.01310971681959927,0.9163624165823815
29,0.33574562426656485,13.926785923086312
29,0.11926431651227176,4.545697945060969
29,0.5935954453889281,22.626674650225237
29,0.03731267573311925,1.0975124260108928
29,0.009571791859343648,1.9327020166100524
29,0.16159612592309713,5.720330557125219
29,0.831898988224566,30.944247411253066
29,0.7668427543248981,31.48595561520514
29,0.2727803164161742,10.409901999445616
29,0.1881632988806814,7.015645389274899
29,0.22576183476485312,7.815109349439114
29,0.061970367562025785,2.4562560741338095
29,0.05990024097263813,3.0972489393352323
29,0.14815587038174272,5.338752789679909
29,0.0729878859128803,2.312787495096422
29,0.042885891860350966,2.8120758894143316
29,0.5224612723104656,20.650941215338328
29,0.7892314894124866,31.409357863176215
29,0.6947533481288701,27.16435567441973
29,0.06657604733482003,3.5634765289930392
29,0.017957746516913176,-0.2758837685896982
29,0.44215842336416245,18.535587320446858
29,0.1576020831707865,7.109785615807897
29,0.7188601158559322,28.286803698246068
29,0.7039418325293809,29.00609361489858
29,0.8852263048756868,36.39582205862349
29,0.32526101521216333,13.586060897005893
29,0.970881566638127,40.86010471094325
29,0.9848202662542462,37.43045745894481
29,0.03918471769429743,0.4024677771343099
29,0.8935712880920619,34.36633230995164
29,0.8223991512786597,33.063645985616155
29,0.7242446928285062,30.554416792299964
29,0.28892013779841363,13.234694464912794
29,0.5019486045930535,20.566240882117093
29,0.4283470013178885,18.012553315275863
29,0.6100160160567611,24.255765768240565
29,0.9261131740640849,37.51349872263761
29,0.2401232577394694,9.98116578670826
29,0.27188183390535414,10.114233081157685
29,0.7350036464631557,29.106850924775365
29,0.7515458730049431,29.92699365579021
29,0.9305919208563864,38.61752265042848
29,0.4627302747685462,17.472222301043555
29,0.8606911767274141,32.31331192129291
29,0.3120364195201546,13.249734999010583
29,0.20803901343606412,7.505399916689079
29,0.9208274672273546,36.39699176593361
29,0.05273688421584666,3.0141803999166754
29,0.4111554310657084,15.683130978080019
29,0.45634121517650783,17.912581627422508
29,0.4158602475654334,18.13683443685192
29,0.670353451743722,27.34244578206528
29,0.7569040800444782,30.818354557243435
29,0.9116513144690543,36.3293792230443
29,0.819952085847035,31.66134958057867
29,0.09364985255524516,2.2493669478540124
29,0.17790608131326735,6.892857608974099
29,0.6422145802062005,27.690302436020897
29,0.8742829938419163,35.19302356989027
29,0.592313350411132,23.856906925691668
29,0.26243219221942127,10.829911297626861
29,0.8837522640824318,34.964882564205844
29,0.1876893462613225,6.108819823895007
29,0.4888669822830707,22.230420087174647
29,0.009820487117394805,-0.030866603986190788
29,0.36043404322117567,14.118760216913962
29,0.4421616909094155,15.894125909523645
29,0.12572922138497233,4.781160630330795
29,0.6243645476642996,24.72727798819738
29,0.3024313317146152,11.841742890058264
29,0.23963722819462419,7.798551027692399
29,0.3586297635920346,16.129853359706143
29,0.8929104125127196,37.48000284825467
29,0.9906272650696337,40.31469082471944
29,0.732421197462827,28.196107254089156
29,0.9927880882751197,40.4260328879026
29,0.5397893621120602,21.345104167548385
29,0.43380176182836294,17.032284307207313
29,0.9646736741997302,39.949591260943905
29,0.1483196432236582,4.7049031389636475
29,0.06649305578321218,2.148502998578014
29,0.024251488037407398,0.23886452243133238
29,0.6124232418369502,24.516681680354797
29,0.6966087480541319,26.291486007455287
29,0.8011418872047216,31.342342218360574
29,0.13773028389550745,6.225143444727964
29,0.15978482272475958,6.856607815413492
29,0.9888335929717869,38.57944141246718
29,0.3986456955317408,16.505045551737965
29,0.18791181617416441,5.0838329015609105
29,0.47772824112325907,18.768644718228217
29,0.5442340227309614,22.48239410408869
29,0.3281579806935042,12.46728184125104
29,-0.6,-23.2
30,392,32.19159630259511
30,295,33.58067814497189
30,209,40.435287654812974
30,378,30.543195811028685
30,406,32.20584911999601
30,289,31.583170076722944
30,332,32.540348335317724
30,255,37.294421143356104
30,185,43.16570727791468
30,405,36.78194357327654
30,379,33.81928766483571
30,339,28.38827470807488
30,370,27.425054522724096
30,323,26.763288255095887
30,381,31.75172374808988
30,391,35.80586073896627
30,357,29.267613636570474
30,222,35.76420216023467
30,322,34.080695909444934
30,241,33.100602118159145
30,220,37.26044672528604
30,281,29.51492297697715
30,389,31.64285084760967
30,386,30.90918302786507
30,401,33.34411768833178
30,338,33.31825712589736
30,347,30.94631219486628
30,176,44.17108572266169
30,400,32.21633033409793
30,184,40.657838689927736
30,344,28.651533828268644
30,414,36.160449596591064
30,374,31.407821859593895
30,417,34.82187814356041
30,419,35.619490587091555
30,330,28.032834393703027
30,307,32.15412084625692
30,306,29.306699162076296
30,351,31.671263078060317
30,352,29.18804413877643
30,245,32.98072745920114
30,382,27.894301759044417
30,240,33.500595437262206
30,319,27.756173115637605
30,197,38.44752778038155
30,316,29.914045358360855
30,263,31.850031628965297
30,410,34.9680569040442
30,252,33.15689568519586
30,297,31.50992257934361
